{
    "hidden_layers": [
        256,
        128
    ],
    "dropout": 0.11371175255187554,
    "lr": 0.0016451365040683543,
    "batch_size": 64,
    "grad_clip": 4.992958230872855
}