{
    "hidden_layers": [
        256,
        128
    ],
    "dropout": 0.006637638206590968,
    "lr": 0.004019188571880907,
    "batch_size": 64,
    "grad_clip": 4.785360125621526
}