{
    "hidden_layers": [
        256,
        128
    ],
    "dropout": 0.1146159188561183,
    "lr": 0.0015359149332646977,
    "batch_size": 64,
    "grad_clip": 4.979783467988117
}