{
    "hidden_layers": [
        256,
        128
    ],
    "dropout": 0.10488759686550883,
    "lr": 0.004795586484772825,
    "batch_size": 64,
    "grad_clip": 3.8537046731327718
}